date,udp_0_to_512,udp_512_to_1232,udp_1232_to_1472,udp_over_1472,tcp_0_to_512,tcp_512_to_1232,tcp_1232_to_1472,tcp_over_1472
2017-01-01,745248294,1686196118,9112,0,3878,4576496,22,282
2017-01-02,775695012,1765883618,9961,0,4070,4261796,27,74
2017-01-03,825605244,1791457908,9792,0,9899,4518730,40,132
2017-01-04,818380218,1819334983,10830,0,4473,4021414,18,69
2017-01-05,796763073,1807892135,10393,0,3946,3943966,23,195
2017-01-06,814620459,1828077379,8976,0,29152,4322150,27,295
2017-01-07,720008777,1699779701,57557,353,4548,3489623,28,615
2017-01-08,712744119,1701926833,11647,0,4169,3365922,28,660
2017-01-09,803542538,1750455551,20173,0,146231,4115784,24,384
2017-01-10,840091887,1814439231,10529,0,141576,3946876,26,344
2017-01-11,807591690,1863863098,23921,0,6453,4960444,18,86
2017-01-12,808292872,1906782572,21531,0,4958,4728308,25,65
2017-01-13,797854777,1886275220,15784,0,3695,4510915,15,82
2017-01-14,739709273,1742535890,14723,0,3740,4306598,22,105
2017-01-15,791401175,1685230565,14671,0,3516,4358913,20,321
2017-01-16,799637471,1829497144,19223,0,4402,4789482,29,270
2017-01-17,815246296,1826348502,20942,0,3844,4956344,31,290
2017-01-18,824616653,1849972941,21946,0,3601,4856232,29,111
2017-01-19,817721927,1863473113,15408,0,3985,4261658,32,128
2017-01-20,814811162,1763852715,12706,0,5373,5375815,18,202
2017-01-21,756498630,1700169580,12345,0,4116,3884137,21,315
2017-01-22,764724354,1710100972,12540,0,3873,4253903,32,380
2017-01-23,787841985,1819178296,12335,0,3745,5002490,29,366
2017-01-24,800876144,1829542382,13381,0,3494,3852405,26,205
2017-01-25,838988286,1806492905,13515,0,3448,4104142,24,832
2017-01-26,848215437,1830265748,12713,0,7671,4199402,29,1968
2017-01-27,825115022,1777169268,13240,0,20292,3555350,26,502
2017-01-28,743052554,1696515399,13249,0,3551,3481394,14,351
2017-01-29,748184856,1761038036,10909,0,2943,3496657,16,138
2017-01-30,797914894,1792836796,12518,0,3016,4042280,19,69
2017-01-31,854908631,1768152416,13766,0,2906,4897048,23,185
2017-02-01,454063080,1010820763,8054,0,2484,2743075,18,107
2017-02-02,0,0,0,0,0,0,0,0
2017-02-03,6378906,12678345,84,0,21,38603,0,0
2017-02-04,336243815,825858774,5073,0,1465,1655576,1,0
2017-02-05,346355476,832274439,5639,0,1867,1980233,1,0
2017-02-06,591740048,1375992513,9178,0,2583,3582678,39,0
2017-02-07,727845702,1850118722,12359,0,3342,4724110,90,0
2017-02-08,711955626,1816101958,12680,0,3726,4862857,107,0
2017-02-09,715596298,1902458316,11736,0,3410,5161290,110,0
2017-02-10,699993883,1944320411,11808,0,3494,4830715,86,0
2017-02-11,681655051,1713803679,10813,0,3359,4377785,3,0
2017-02-12,690950805,1703189041,15010,0,3204,4659922,5,0
2017-02-13,725476322,1786654876,38746,0,3533,4981904,5,0
2017-02-14,739697628,1838324400,13042,0,3492,4356153,15,0
2017-02-15,714226434,1835051463,12105,0,3456,4083280,52,0
2017-02-16,705906593,1917783517,12326,0,3171,4229634,48,0
2017-02-17,704870892,1861945216,13804,0,3806,4062437,44,0
2017-02-18,678471773,1744460725,12024,0,3599,3800771,34,0
2017-02-19,674613013,1705131093,11404,0,3830,4132996,33,0
2017-02-20,758643848,1887655387,14913,0,6776,4501878,52,0
2017-02-21,865262659,2036276837,13743,0,211764,4533169,91,0
2017-02-22,739247773,1875355772,12350,0,4905,4553122,41,0
2017-02-23,753531707,1872748155,12067,0,3798,4161738,62,0
2017-02-24,732690886,1840083358,12291,0,3816,4150707,39,0
2017-02-25,726803227,1730762812,11677,0,3281,3599246,58,0
2017-02-26,754733524,1779577278,11869,0,3417,3353421,67,0
2017-02-27,732334684,1848138637,12309,0,4440,4027430,78,0
2017-02-28,729979241,1856539332,13027,0,7799,4250237,99,0
2017-03-01,719176908,1879973770,12947,0,5272,4415426,77,0
2017-03-02,691146039,1879303916,12467,0,4608,3972737,68,0
2017-03-03,686369922,1879549776,13228,0,4969,3865532,48,0
2017-03-04,649940125,1731878649,11557,0,4235,3729091,35,0
2017-03-05,667528120,1695125037,12360,0,4806,4014099,43,0
2017-03-06,1024312125,2110183490,15193,0,144514,4815410,186,0
2017-03-07,701129396,1885086831,12514,0,5178,4924930,58,0
2017-03-08,711054304,1955832704,13672,0,5351,4811973,69,0
2017-03-09,725651977,1850185365,13965,0,5266,5231835,89,0
2017-03-10,718708970,1860365596,12765,0,6322,5002927,119,0
2017-03-11,653447788,1820903630,13285,0,5285,3917155,62,0
2017-03-12,662132556,1787099779,14920,0,5106,3723347,54,0
2017-03-13,709686823,1831913815,13758,0,5102,4140060,74,0
2017-03-14,726646712,1903858657,15888,0,5465,4437386,78,0
2017-03-15,705279682,1834848208,15005,0,5029,4104163,67,0
2017-03-16,710980544,1889672216,14803,0,5342,4279988,93,0
2017-03-17,730978027,1957600001,13483,0,9143,4734266,174,0
2017-03-18,674613564,1810113607,13431,0,4761,4538098,67,0
2017-03-19,667560611,1746041011,13489,0,5559,4423196,58,0
2017-03-20,683058842,2029206778,13802,0,4793,4431454,102,0
2017-03-21,674505908,1724238439,13092,0,4066,3037980,66,0
2017-03-22,699799017,1823456314,14397,0,14554,10421451,5908,0
2017-03-23,676989418,1858340945,11454,0,27551,8227138,13346,0
2017-03-24,610169446,1622807021,10883,0,26110,6734504,10945,0
2017-03-25,709223292,1877219804,11698,0,11147,6230400,12961,0
2017-03-26,671143752,1710166703,10646,0,9427,5973533,13193,0
2017-03-27,721183866,1739853985,11371,0,31115,7057263,13174,0
2017-03-28,791734090,1671875950,11035,0,13845,7752324,14680,0
2017-03-29,814796495,1733506514,11849,0,12029,7349523,13250,0
2017-03-30,837837828,1738722618,11359,0,14687,7591838,13884,0
2017-03-31,725754573,1604238514,10939,0,15833,7746165,14575,0
2017-04-01,738112445,1479205519,10736,0,11155,6388313,13537,0
2017-04-02,712363790,1415782826,10526,0,9787,6437886,13965,0
2017-04-03,752867023,1525948729,12573,0,16185,8259148,13682,0
2017-04-04,788569868,1635219865,11810,0,20055,7423067,16416,0
2017-04-05,747664157,1551033814,11211,0,18473,7210562,14079,0
2017-04-06,807116048,1629287642,12239,0,13508,7075698,15425,0
2017-04-07,794834484,1622670824,12367,0,15287,8502017,13636,0
2017-04-08,775074100,1515509311,13167,0,9532,6338041,14352,0
2017-04-09,757537509,1496447998,10720,0,9096,5930612,15089,0
2017-04-10,788501865,1607814458,11573,0,12001,7557858,13141,0
2017-04-11,770062368,1626368312,11626,0,15546,7831666,12458,0
2017-04-12,724137866,1600651553,12000,0,15097,8436194,12145,0
2017-04-13,702682576,1665676888,11952,0,13105,8343726,12427,0
2017-04-14,712145491,1629757724,13723,0,10625,7844670,12807,0
2017-04-15,700727174,1545055111,12220,0,9206,7285125,12966,0
2017-04-16,683345297,1515738987,11454,0,8287,6966277,13003,0
2017-04-17,698578577,1619928467,13071,0,10313,7311932,12981,0
2017-04-18,685684540,1552033767,21364,0,14499,8565815,12983,0
2017-04-19,727901314,1613173578,14898,0,15841,8884257,12694,0
2017-04-20,771018364,1651122134,18148,0,14357,9522069,12789,0
2017-04-21,746280760,1572169206,14008,0,11220,8176855,12843,0
2017-04-22,707484265,1422786655,16544,0,8124,7317369,13161,0
2017-04-23,702161893,1391134098,12391,0,8406,6873187,13316,0
2017-04-24,720360718,1562388935,14752,0,13764,9415296,12562,0
2017-04-25,729570622,1584322219,15566,0,268921,10651282,11082,0
2017-04-26,770115602,1570765636,16214,0,14330,9675523,12700,0
2017-04-27,766138475,1496708961,16150,0,10789,8530863,12829,0
2017-04-28,767165111,1549891744,20826,0,12473,8709761,12782,0
2017-04-29,731088149,1642346152,15742,0,9370,7346138,12910,0
2017-04-30,726310615,1508788978,17779,0,8418,6772272,13074,0
2017-05-01,689516302,1512982733,15923,0,8799,7657517,12950,0
2017-05-02,657555082,1450948620,13385,0,9989,8973928,12759,0
2017-05-03,718554654,1630464756,16088,0,10412,9724995,12287,0
2017-05-04,681223366,1487832666,18530,0,8941,9870305,12405,0
2017-05-05,670393157,1413378940,16982,0,7035,8851508,12917,0
2017-05-06,625388370,1318788354,14358,0,4860,6955126,13037,0
2017-05-07,634410521,1252052130,17012,0,4421,7180945,13321,0
2017-05-08,653036579,1442418557,18175,0,7953,8922923,12700,0
2017-05-09,661082981,1383117168,16861,0,7390,8619769,13010,0
2017-05-10,616179070,1322933221,15883,0,8007,8750464,13053,0
2017-05-11,659007831,1382627285,12265,0,8972,9463546,13260,0
2017-05-12,638913829,1389081942,20507,0,9083,9794520,12666,0
2017-05-13,609049669,1242447439,15043,0,4929,7862108,13187,0
2017-05-14,617571258,1206130935,17624,0,5000,7292122,13145,0
2017-05-15,641500444,1313513951,14998,0,8501,9097801,12766,0
2017-05-16,649908335,1389541052,15417,0,8740,8399884,13020,0
2017-05-17,647317042,1392924795,15288,0,7848,9139234,12955,0
2017-05-18,663702044,1376475398,14205,0,13672,9484920,13006,0
2017-05-19,650412688,1347140349,14905,0,8178,9482165,12950,0
2017-05-20,622452751,1250266827,15506,0,5582,8368190,13132,0
2017-05-21,605594209,1250475078,13764,0,5794,7593109,13202,0
2017-05-22,632718114,1346965246,12766,0,7872,8699792,12845,0
2017-05-23,685783456,1385353164,14721,0,11686,9121069,12929,0
2017-05-24,703712562,1389355698,15505,0,9198,8812251,12937,0
2017-05-25,676248946,1351810683,15757,0,8615,8559238,13143,0
2017-05-26,674182660,1298103818,15751,0,7143,8718030,12996,0
2017-05-27,643081613,1242531627,12763,0,5254,7466222,13055,0
2017-05-28,619062058,1203761629,13945,0,4819,7069337,13211,0
2017-05-29,644667163,1281932064,21601,0,6994,8710749,12789,0
2017-05-30,663563722,1340261903,12507,0,8382,9408802,12617,0
2017-05-31,670884363,1328069016,13531,0,8274,8959083,12837,0
2017-06-01,691316690,1461644569,11160,0,7650,9039190,12760,0
2017-06-02,771677592,1379341361,12171,0,6726,8352640,12879,0
2017-06-03,675539853,1292438532,13316,0,5422,7922260,13038,0
2017-06-04,617787281,1270803430,18722,0,4954,8004925,12999,0
2017-06-05,613682745,1330970035,15634,0,6998,8675725,13061,0
2017-06-06,606237739,1410351654,18646,0,9421,10017233,12778,0
2017-06-07,612564736,1421768450,17353,0,10238,9720843,12893,0
2017-06-08,614714516,1359729331,18512,0,7961,9882187,13178,0
2017-06-09,606998190,1392229787,12216,0,10093,10199475,13040,0
2017-06-10,587471201,1348061947,18093,0,6877,8665438,13462,0
2017-06-11,581533090,1236106968,12403,0,5203,8691083,13454,0
2017-06-12,615764139,1357711599,12694,0,11804,11302871,13297,0
2017-06-13,613117836,1460287248,14396,0,17165,11696892,12767,0
2017-06-14,628035246,1453366947,15809,0,12271,10980208,12672,0
2017-06-15,608034143,1386605058,16572,0,12091,12357387,8601,0
2017-06-16,592166343,1369219391,16694,0,11872,12370706,95,0
2017-06-17,574948829,1270240177,16652,0,7130,9248740,88,0
2017-06-18,559972151,1268882386,22734,0,5759,8274148,108,0
2017-06-19,587321512,1397448961,14983,0,10598,10491258,100,0
2017-06-20,675506605,1391422489,13090,0,30551,11716394,346,0
2017-06-21,589245928,1389669730,12095,0,33004,11027401,117,0
2017-06-22,540187728,1368791135,39205,0,42045,11068652,381,0
2017-06-23,472632489,1355215450,130029,0,28800,10138169,1482,0
2017-06-24,462870676,1264285501,91340,0,14410,8508273,889,0
2017-06-25,577575287,1249416031,89417,0,15047,8716431,1112,0
2017-06-26,573884912,1307390891,148401,0,28002,10387242,2774,0
2017-06-27,543672445,1382503485,162346,0,36177,11119266,9066,0
2017-06-28,526376096,1331124148,180276,0,31045,11294285,8491,0
2017-06-29,540997057,1372182204,192260,0,31386,10742788,8271,0
2017-06-30,569243252,1384428548,190149,0,38072,11696259,8461,0
2017-07-01,598561157,1299482549,137626,0,22023,9626625,8028,0
2017-07-02,530022574,1234751403,125169,0,16302,9014598,7716,0
2017-07-03,513116987,1325816731,497962,0,26819,10817444,8366,0
2017-07-04,512234752,1350337667,459140,0,28054,10772051,8352,0
2017-07-05,521429924,1416187090,540327,0,24957,10617606,9194,0
2017-07-06,508191430,1398472124,525611,0,23216,10475232,9335,0
2017-07-07,515617599,1373763301,444911,0,21225,9752333,16417,0
2017-07-08,597962392,1304788322,313156,0,14536,8558013,8197,0
2017-07-09,598569835,1237973218,309685,0,13109,8389984,8165,0
2017-07-10,566525134,1317900064,463180,0,21729,10482786,10449,0
2017-07-11,535694139,1351478485,462509,0,28976,10003857,9743,0
2017-07-12,551070069,1359804308,476082,0,29421,10196549,8960,0
2017-07-13,532695089,1383733815,490010,0,31700,10598439,10811,0
2017-07-14,503720312,1366131523,466075,0,26815,9697808,10055,0
2017-07-15,518641264,1287402460,358764,0,22395,9375241,13178,0
2017-07-16,505078643,1280678925,340687,0,18281,8685865,10629,0
2017-07-17,534501191,1362706419,432442,0,33961,10639068,15442,0
2017-07-18,526198555,1374865174,357212,0,24941,10661446,18888,0
2017-07-19,585278304,1350867398,435874,0,32550,11062302,20498,0
2017-07-20,533927940,1391747137,503956,0,30388,11065570,14187,0
2017-07-21,509095377,1376347125,666349,0,30795,10412338,15435,0
2017-07-22,494747782,1253784110,425895,0,16251,8589105,11395,0
2017-07-23,498752111,1235523765,377115,0,14019,8674740,11508,0
2017-07-24,496734079,1308916938,655391,0,25472,10249350,10940,0
2017-07-25,513140801,1303017450,594232,0,30044,10563221,11352,0
2017-07-26,506334847,1316963871,445474,0,32746,10846945,15291,0
2017-07-27,508905638,1281805109,245511,0,27765,11142512,8885,0
2017-07-28,509916356,1250793946,195873,0,28777,10250684,8785,0
2017-07-29,474264733,1173471558,123042,0,15104,8455808,7823,0
2017-07-30,482205453,1161209693,115584,0,12660,8398583,8575,0
2017-07-31,494261799,1257138498,201280,0,27413,10217629,8454,0
2017-08-01,485792379,1333165936,203460,0,32526,11498911,6842,0
2017-08-02,506791642,1278684863,217304,0,29230,10836316,1643,0
2017-08-03,528378983,1275526651,233433,0,26099,10690294,1370,0
2017-08-04,525875972,1294766260,366176,0,26637,10731341,2670,0
2017-08-05,508940299,1233925557,324855,0,16136,8185671,788,0
2017-08-06,455512986,1211124629,307662,0,16299,8793611,721,0
2017-08-07,463440410,1318683537,401142,0,67970,11130205,4203,0
2017-08-08,474900926,1396916617,459835,0,31100,10720351,1892,0
2017-08-09,495016129,1353932170,514561,0,30876,10412285,1691,0
2017-08-10,540801857,1387341539,506772,0,26829,10507811,2816,0
2017-08-11,555342431,1421782059,419017,0,180265,10839758,2869,0
2017-08-12,592646137,1346613535,118014,0,169384,9667055,2188,0
2017-08-13,590863769,1262927322,116828,0,218556,8804431,2992,0
2017-08-14,602546192,1362609661,460202,0,195109,10744571,3394,0
2017-08-15,593409314,1365376537,701020,0,253395,11456586,2373,0
2017-08-16,614996755,1343084973,491868,0,455796,11484867,6465,0
2017-08-17,622059632,1371508980,492297,0,35619,11067130,8572,0
2017-08-18,585600267,1401767074,249232,0,38217,10281424,8666,0
2017-08-19,606976383,1323522091,173028,0,178095,9101250,7755,0
2017-08-20,606266308,1336874016,224032,0,65322,8637368,8788,0
2017-08-21,633576292,1390089741,254735,0,87233,10035048,8229,0
2017-08-22,613249062,1410270926,216706,0,184703,10239002,7748,0
2017-08-23,614613357,1310633135,318110,0,400103,10059276,7602,0
2017-08-24,673285904,1272803853,184488,0,431203,11055823,10482,0
2017-08-25,643252261,1266607943,149140,0,346328,11008225,10521,0
2017-08-26,625323415,1275663156,119836,0,303644,10918000,8939,0
2017-08-27,634270875,1243715260,111135,0,162023,10080701,8122,0
2017-08-28,613159519,1254780090,190980,0,256558,10923774,11179,0
2017-08-29,613964965,1322952028,182047,0,179966,11141787,11354,0
2017-08-30,624286307,1227252947,165658,0,170044,10904899,12537,0
2017-08-31,708809954,1225142147,170457,0,102837,10844178,12507,0
2017-09-01,682918488,1214533670,134540,0,114509,10378831,9218,0
2017-09-02,646827177,1120137657,110495,0,220277,9279567,14403,0
2017-09-03,662940861,1094378501,107874,0,279624,9343445,14725,0
2017-09-04,699983137,1200104086,144490,0,44354,10658021,13108,0
2017-09-05,654957538,1307534150,174482,0,43233,10492067,19253,0
2017-09-06,667398845,1352210478,152043,0,116255,11243052,13174,0
2017-09-07,642044525,1348580636,316602,0,26443,10883632,11785,0
2017-09-08,711534767,1328500917,289934,0,39361,10456326,10852,0
2017-09-09,784618055,1217635104,349216,0,86995,9168680,10434,0
2017-09-10,963667640,1221535363,314605,0,183241,9282729,9173,0
2017-09-11,820410134,1235469604,432644,0,213551,10299305,10377,0
2017-09-12,722144004,1242801124,449839,0,301072,10115290,9345,0
2017-09-13,664223389,1255799123,478356,0,86548,10446746,16967,0
2017-09-14,660556698,1249489920,492812,0,154973,10444832,12249,0
2017-09-15,739271289,1183876484,461495,0,191240,10197116,8651,0
2017-09-16,738277020,1116021939,330115,0,291699,9283560,8032,0
2017-09-17,738303760,1134951397,204695,0,170340,9101775,8192,0
2017-09-18,727264657,1188081510,454021,0,179759,10334872,7733,0
2017-09-19,736999820,1233529124,1309176,0,136872,10091211,14221,0
2017-09-20,710341713,1205408452,2562142,0,199788,10093808,19276,0
2017-09-21,717333450,1186213112,2634168,0,145386,9434296,19706,0
2017-09-22,723377659,1152331754,2616151,0,324591,9311810,19266,0
2017-09-23,735861818,1099011729,2492248,0,195454,8198773,15562,0
2017-09-24,736161238,1072058546,2376394,0,278899,7856626,14896,0
2017-09-25,742330531,1145940280,2475706,0,417038,9190939,15666,0
2017-09-26,766138064,1240770966,2623013,0,122504,9196170,14954,0
2017-09-27,757703894,1223019228,2706695,0,108306,9402716,12291,0
2017-09-28,850635863,1191723719,2640370,0,312237,9544065,8727,0
2017-09-29,685265614,1255124218,2728640,0,94884,9254963,8201,0
2017-09-30,613899754,1160927977,2587796,0,26110,8247890,8088,0
2017-10-01,621343999,1164770549,2892043,0,19700,8271910,8707,0
2017-10-02,628704877,1253919003,4698602,0,30615,9375745,9155,0
2017-10-03,642534224,1271626650,2759200,0,34277,9381704,9780,0
2017-10-04,646441940,1219068316,2823355,0,177749,9479309,9628,0
2017-10-05,720753055,1207690409,2799933,0,152059,9192034,10062,0
2017-10-06,667267811,1271351414,2776316,0,90108,8949297,10251,0
2017-10-07,649738103,1214679724,2607036,0,106460,8465677,9926,0
2017-10-08,648451936,1160785237,2499111,0,172540,8485050,9592,0
2017-10-09,651252365,1227526872,2684073,0,322333,9881632,10669,0
2017-10-10,652699623,1242640860,2665523,0,242837,10347438,10887,0
2017-10-11,703828127,1419045415,1767185,0,45856,9372165,36240,0
2017-10-12,781794535,1436668638,477835,0,99858,9927465,596,0
2017-10-13,641177671,1221949495,464700,0,390880,9421831,691,0
2017-10-14,657579675,1253518913,402973,0,304341,9191390,1549,0
2017-10-15,650398557,1260755792,373208,0,169169,8929270,2632,0
2017-10-16,643918269,1261697864,342496,0,195886,9343649,2859,0
2017-10-17,638215960,1261930611,305955,0,323839,9949910,2299,0
2017-10-18,661259786,1232858995,643117,0,326620,10353143,2564,0
2017-10-19,776306797,1211249885,598173,0,843236,11145489,3287,0
2017-10-20,721504257,1227208810,600007,0,519242,10453158,3936,0
2017-10-21,637144082,1145695117,512502,0,112709,9015687,1876,0
2017-10-22,647666626,1144797070,459132,0,170742,9165127,1996,0
2017-10-23,640992586,1220212608,628268,0,376624,10773833,2320,0
2017-10-24,642801080,1277744803,683199,0,217053,9896599,1025,0
2017-10-25,610837708,1272594566,677671,0,33803,9760443,1030,0
2017-10-26,625221754,1248474568,474293,0,33494,9787107,891,0
2017-10-27,613570445,1228909239,334917,0,34163,9846103,750,0
2017-10-28,617559065,1188563678,290791,0,31077,9077740,3814,0
2017-10-29,603323819,1228090406,294858,0,29082,9171165,1776,0
2017-10-30,622106225,1265074187,334840,0,36215,10082781,1511,0
2017-10-31,621813393,1323942650,323332,0,40078,10047836,3135,0
2017-11-01,621194176,1290742277,319285,0,36741,10120792,450,0
2017-11-02,597874046,1272923011,315661,0,44194,10951574,3334,0
2017-11-03,593740050,1265192265,437908,0,41572,10703675,4453,0
2017-11-04,594602187,1233889322,311172,0,44484,9699792,3023,0
2017-11-05,599651815,1189816289,132388,0,22141,9196239,1930,0
2017-11-06,600607952,1208452006,169177,0,35259,10231825,2651,0
2017-11-07,629141199,1236210145,155108,0,39245,10178915,1844,0
2017-11-08,596115794,1248241563,179270,0,41769,10918825,2364,0
2017-11-09,589364337,1290338478,257918,0,52060,11280867,2383,0
2017-11-10,623061103,1241040319,254682,0,47713,11327648,2947,0
2017-11-11,702609166,1118780668,155054,0,39228,10913360,2051,0
2017-11-12,655262265,1177710549,148469,0,30192,10498522,1636,0
2017-11-13,577229539,1159177605,287836,0,38529,11546299,2261,0
2017-11-14,557937555,1124361874,227364,0,42304,12253449,3733,0
2017-11-15,582277087,1184514755,270818,0,38548,10690201,1974,0
2017-11-16,618823018,1195600774,738353,0,37889,10760192,3417,0
2017-11-17,573922367,1177575724,481556,0,37941,10542476,1818,0
2017-11-18,560090803,1119663369,397277,0,24787,9291376,559,0
2017-11-19,552866789,1072780577,348845,0,22332,9454483,1260,0
2017-11-20,983218803,1092632963,476693,0,46652,11869252,3564,0
2017-11-21,723309439,1114994924,474656,0,61961,13048998,4742,0
2017-11-22,747120380,1153940115,475217,0,50624,11386063,3205,0
2017-11-23,720583969,1157228824,488123,0,48294,10702864,1004,0
2017-11-24,860584463,1126592699,438665,0,46887,11046385,368,0
2017-11-25,569801873,1109939800,370891,0,28372,9841889,256,0
2017-11-26,558961327,1108151360,373367,0,21767,9475404,1675,0
2017-11-27,565682998,1173021230,514199,0,33153,10283090,1159,0
2017-11-28,573739938,1184128557,496222,0,34120,10090097,1821,0
2017-11-29,523620033,1238569655,512225,0,34784,10201505,1318,0
2017-11-30,564199710,1211472334,463441,0,35643,10340298,2476,0
2017-12-01,731984845,1174449196,405501,0,35705,10315885,1418,0
2017-12-02,944145562,1080944536,346178,0,34277,9530887,1602,0
2017-12-03,1019399599,1060963828,355286,0,31001,9425110,919,0
2017-12-04,656427322,1155629654,550691,0,35690,10158429,96942,0
2017-12-05,535773923,1176222614,479716,0,34465,10291612,971,0
2017-12-06,587984373,1162563073,452228,0,34750,10335588,1101,0
2017-12-07,907649777,1255294409,521555,0,8580,9557708,6361,0
2017-12-08,916722019,1270374384,463510,0,8740,10002477,1395,0
2017-12-09,762025676,1186696315,387610,0,7395,9552546,504,0
2017-12-10,496866857,1159069474,354271,0,7370,8860614,494,0
2017-12-11,536967303,1277423167,520550,0,9166,9447281,1099,0
2017-12-12,541966170,1295942091,506227,0,8047,9674318,2167,0
2017-12-13,1064535223,1303807836,512286,0,7694,9650487,947,0
2017-12-14,1480509333,1300846287,427487,0,207441,32988259,149204,0
2017-12-15,1506662503,1281613600,476753,0,630534,55343474,90307,0
2017-12-16,743355996,1186272137,356275,0,637765,51072732,409835,0
2017-12-17,513564276,1145453047,339325,0,584774,49806373,53819,0
2017-12-18,552085067,1262652142,518558,0,600697,55359188,65732,0
2017-12-19,1015035866,1276564986,476963,0,628864,55962200,260730,0
2017-12-20,1156869396,1265616336,2005219,0,761538,57247487,142578,0
2017-12-21,1262902695,1259055370,3361057,0,739757,56414770,178822,0
2017-12-22,713202738,1213959254,3319545,0,697727,53880690,702319,0
2017-12-23,503858134,1128583384,3122539,0,703524,49346637,1101993,0
2017-12-24,529832082,1093960828,3058543,0,640392,47260476,4962652,0
2017-12-25,516825677,1106859296,3001640,0,719504,50465625,2389609,0
2017-12-26,1104327792,1159473465,3083006,0,792657,53724947,3088502,0
2017-12-27,743606693,1218995658,3166248,0,846919,57148731,4250441,0
2017-12-28,1243878185,1240243316,3258701,0,806872,59532074,4408051,0
2017-12-29,1068317857,1196558792,3117982,0,662256,49175272,8424999,0
2017-12-30,808243100,1171077689,3115530,0,698274,52922519,9696153,0
2017-12-31,528826966,1131288025,3200070,0,719525,54261626,7433405,0
2018-01-01,528426123,1121513270,3179950,0,791232,55471729,4615274,0
2018-01-02,586865852,1243933111,3297864,0,868838,60362260,6533896,0
2018-01-03,601680674,1286177482,3322345,0,812329,62596609,7271901,0
2018-01-04,570646186,1258652596,3415570,0,805458,60960773,7112370,0
2018-01-05,645451498,1271760067,3511160,0,807723,62601830,4994166,0
2018-01-06,578630971,1171307131,3199067,0,762467,58178478,741446,0
2018-01-07,540169389,1160709289,3062474,0,803862,56169519,698201,0
2018-01-08,579353494,1260693023,3305149,0,856066,63255557,656835,0
2018-01-09,611166361,1297313379,3452401,0,890736,63553187,264673,0
2018-01-10,642699946,1316243067,3453276,0,923812,64674411,239901,0
2018-01-11,634672876,1334151000,1738360,0,918185,65293178,537555,0
2018-01-12,639262515,1324063081,498366,0,1136678,64825220,244302,0
2018-01-13,595153033,1194965107,360538,0,848412,59331991,128079,0
2018-01-14,570715723,1198973930,315447,0,839300,57972252,238388,0
2018-01-15,650405758,1307805644,470705,0,734753,66902533,240507,0
2018-01-16,649591145,1350948524,502379,0,581155,68711184,153725,0
2018-01-17,619223149,1376891731,490812,0,410884,68911691,307886,0
2018-01-18,645934449,1360739296,494133,0,316755,69419029,71961,0
2018-01-19,633898425,1273190367,441010,0,364733,67880934,97853,0
2018-01-20,597362480,1186228328,344433,0,364051,60575709,86800,0
2018-01-21,562493486,1187664037,314487,0,337406,62237159,328092,0
2018-01-22,614420458,1254068117,471624,0,323514,68687106,64222,0
2018-01-23,610521057,1291942787,496958,0,281690,69465859,74277,0
2018-01-24,633999756,1314761350,509970,0,278534,67385241,248164,0
2018-01-25,712577166,1286428556,499797,0,256586,68240158,214595,0
2018-01-26,556255821,1223458577,480431,0,272346,65485655,117825,0
2018-01-27,506104083,1184409625,360442,0,280272,59436554,260902,0
2018-01-28,493677557,1152059162,374046,0,300299,57496573,493352,0
2018-01-29,557488767,1261836630,519252,0,295067,66680247,202838,0
2018-01-30,565783840,1271517129,539068,0,274848,63240322,95904,0
2018-01-31,624955759,1293842176,497833,0,296267,64345485,81014,0
2018-02-01,609499847,1328495609,507386,0,327786,67278666,58983,0
2018-02-02,573575568,1262752959,513031,0,297761,66871672,118317,0
2018-02-03,569460770,1164940273,410554,0,311764,58677169,262455,0
2018-02-04,502424742,1130364821,361953,0,268048,55719576,248787,0
2018-02-05,568564945,1211470872,493571,0,277314,61986045,103148,0
2018-02-06,538677616,1234789174,511818,0,578114,62905017,71761,0
2018-02-07,541772843,1263818025,492785,0,1172590,66108237,85837,0
2018-02-08,549206295,1247200944,476085,0,587958,67024684,1114778,0
2018-02-09,543542637,1250630513,468645,0,357148,68611811,319089,0
2018-02-10,527866577,1160751215,381706,0,950309,61818497,752979,0
2018-02-11,498933103,1126548290,345051,0,2143842,61230223,200302,0
2018-02-12,459335852,1215852673,500940,0,319871,63801712,127149,0
2018-02-13,445419758,1255057694,474644,0,304872,66595057,164114,0
2018-02-14,490368242,1247051197,365129,0,264797,61879106,178342,0
2018-02-15,471475091,1239303002,175475,0,305850,62105890,114336,0
2018-02-16,459619665,1183445632,130266,0,284270,61217966,57276,0
2018-02-17,447571234,1114945252,95290,0,515810,55455926,131771,0
2018-02-18,453155705,1110046049,87129,0,270903,55796185,87577,0
2018-02-19,634906427,1188882202,121050,0,318241,58367421,71553,0
2018-02-20,651671401,1211743937,178927,0,595623,58880596,48266,0
2018-02-21,609277912,1250065525,326793,0,279562,60365811,114850,0
2018-02-22,507157660,1296921330,357175,0,502866,67023377,93601,0
2018-02-23,482869710,1269553097,338813,0,308325,66888549,132315,0
2018-02-24,454871873,1188362957,312359,0,285811,62316935,183311,0
2018-02-25,444631110,1171080650,315758,0,295916,60404232,290118,0
2018-02-26,472677836,1287047521,362469,0,370232,66295903,143986,0
2018-02-27,496388730,1327049197,309216,0,372965,66144163,87917,0
2018-02-28,592336455,1268850304,206495,0,293664,67067148,89739,0
2018-03-01,713433361,1243571990,247505,0,286356,65569970,90414,0
2018-03-02,711173792,1268123107,244336,0,360832,67549318,46198,0
2018-03-03,469739320,1187515496,201596,0,293416,61590668,119987,0
2018-03-04,471161612,1193825356,224830,0,341320,61259166,141799,0
2018-03-05,522469505,1326017075,271968,0,543675,67069069,80933,0
2018-03-06,533859025,1297056469,268517,0,275837,68198587,23534,0
2018-03-07,528532474,1319737670,297218,0,279583,69223620,84191,0
2018-03-08,482785549,1321824175,267934,0,275061,68321339,47678,0
2018-03-09,473299752,1297169121,455595,0,272593,65859495,74240,0
2018-03-10,574743888,1251248561,401396,0,278456,62634448,89128,0
2018-03-11,628928163,1230507192,471004,0,334634,60997049,78257,0
2018-03-12,665651048,1314585258,439334,0,363898,66174714,74885,0
2018-03-13,555457123,1364456856,471552,0,256971,66382700,86206,0
2018-03-14,519716769,1387346633,347111,0,325686,68479818,92813,0
2018-03-15,500440832,1386948204,340963,0,285607,65705062,70232,0
2018-03-16,486455060,1319221615,327841,0,305000,66791100,56937,0
2018-03-17,451181873,1207946980,288325,0,325590,61844416,91501,0
2018-03-18,416667085,1098857914,274020,0,249626,56193040,282591,0
2018-03-19,479196695,1269849159,312242,0,301431,58679421,46718,0
2018-03-20,489275625,1331932654,452968,0,348082,48538349,8569,0
2018-03-21,42181424,117061261,35729,0,20718,4235794,92,0
2018-03-22,210459968,613131896,1536479,0,65939,20069530,19085,0
2018-03-23,459827540,1259610270,3569892,0,269700,48460672,44674,0
2018-03-24,432334361,1145884334,3249518,0,306423,41911692,42291,0
2018-03-25,431029117,1120427985,3256454,0,209761,39854364,41630,0
2018-03-26,534621778,1246347676,3401513,0,265620,46707795,47270,0
2018-03-27,1133289953,1293338030,3294932,0,216876,48674566,48275,0
2018-03-28,970694104,1293815129,3371107,0,517983,47361889,45780,0
2018-03-29,782462999,1298776616,3398768,0,222019,47046431,45982,0
2018-03-30,474404803,1221950902,3294374,0,267269,42231133,41950,0
2018-03-31,449393527,1146028427,3194877,0,336027,41843421,43168,0
2018-04-01,444249621,1135510692,3269284,0,222354,36969465,41117,0
2018-04-02,499499839,1237880986,3445971,0,263330,39249737,43786,0
2018-04-03,534668109,1316476802,3489160,0,193088,41948864,45847,0
2018-04-04,520932345,1337192024,3498146,0,274949,44909610,50196,0
2018-04-05,519903122,1370496640,3399669,0,387799,44257122,49716,0
2018-04-06,506028202,1317462771,3261059,0,1149651,43920690,51617,0
2018-04-07,463926762,1173352168,3152282,0,272355,42105487,47738,0
2018-04-08,453127786,1145204960,3148991,0,303821,39675090,44385,0
2018-04-09,843469647,1280453431,3480018,0,412498,43777467,48237,0
2018-04-10,1585769795,1331402475,3485152,0,187697,47667442,52041,0
2018-04-11,2056441122,1350843137,1991915,0,244032,46071418,28250,0
2018-04-12,1002681390,1329281293,149234,0,242924,47573695,717,0
2018-04-13,911175874,1317703259,137305,0,156667,45466132,753,0
2018-04-14,577771604,1198653047,100037,0,228733,40216895,949,0
2018-04-15,798434241,1184437455,94303,0,270500,41014524,640,0
2018-04-16,961522089,1311918746,149198,0,279500,44775792,599,0
2018-04-17,629290079,1345433506,140346,0,216063,46284535,704,0
2018-04-18,524250579,1365152383,161339,0,284279,48032738,714,0
2018-04-19,521054442,1341134915,212447,0,240675,47120069,762,0
2018-04-20,519105827,1289136792,171773,0,229925,45455284,740,0
2018-04-21,516704319,1172438177,163260,0,1348024,42304229,701,0
2018-04-22,534992375,1164299015,155254,0,3119677,41120260,624,0
2018-04-23,563990012,1323845889,168619,0,1413522,47064458,890,0
2018-04-24,601353264,1348711652,166881,0,3306587,50218043,706,0
2018-04-25,615660636,1344652304,159933,0,4082147,48079787,1777,0
2018-04-26,583739025,1323734406,160170,0,4970138,51169568,946,0
2018-04-27,593101054,1301320175,135656,0,5925191,50035580,1065,0
2018-04-28,572030568,1183175034,110138,0,8769940,47001376,1736,0
2018-04-29,521469684,1186318753,98383,0,5534514,44031423,3133,0
2018-04-30,549302208,1268775223,126735,0,5840871,48323550,4322,0
2018-05-01,526248684,1276520577,110961,0,4476293,47193992,2052,0
2018-05-02,514474908,1346371016,151305,0,1806582,51550245,1918,0
2018-05-03,528309320,1424722606,142373,0,116186,50202339,2139,0
2018-05-04,563952146,1394337753,126633,0,108760,48874036,2167,0
2018-05-05,558601087,1261426654,101276,0,191348,45868241,1851,0
2018-05-06,552258029,1225069200,98807,0,355339,45329575,1815,0
2018-05-07,597694010,1317848959,124666,0,195211,50752816,2139,0
2018-05-08,735118844,1393959519,140491,0,136365,51437352,2580,0
2018-05-09,676483233,1376660455,141006,0,218406,53271170,2285,0
2018-05-10,1035463102,1416559400,126622,0,136683,51756701,2383,0
2018-05-11,1069944430,1417185590,360884,0,124084,50573201,2309,0
2018-05-12,1046420032,1263126251,85120,0,177279,45508679,1577,0
2018-05-13,524405658,1258614133,83297,0,233042,41043586,1493,0
2018-05-14,565435965,1419950483,129695,0,151343,51308154,2192,0
2018-05-15,596318736,1489217738,126298,0,151256,53810455,2483,0
2018-05-16,586959354,1513696295,131272,0,352473,52343716,2413,0
2018-05-17,578005198,1476732523,127583,0,572667,53055508,2442,0
2018-05-18,581175158,1481987565,119402,0,174154,54095792,2405,0
2018-05-19,557221969,1329095788,94718,0,164456,49045120,1700,0
2018-05-20,522365644,1286898321,90971,0,151141,48202058,1831,0
2018-05-21,571198926,1439393133,133073,0,116121,53532775,2091,0
2018-05-22,578667968,1499783763,132570,0,208655,51385591,2266,0
2018-05-23,569738288,1453303370,132456,0,369613,55245257,2483,0
2018-05-24,560509068,1425316040,128348,0,634841,50934741,2213,0
2018-05-25,649355910,1389770730,150958,0,139422,50792603,2180,0
2018-05-26,695917451,1271706286,94637,0,161022,46696009,1820,0
2018-05-27,691903186,1232297085,87239,0,175035,43146180,1793,0
2018-05-28,684049134,1384233669,152228,0,305271,49150622,2101,0
2018-05-29,653512088,1502073624,179083,0,314668,54389524,2753,0
2018-05-30,641394616,1503367784,196839,0,354723,56063261,3416,0
2018-05-31,673909751,1477452374,189909,0,254786,52149304,2281,0
2018-06-01,693443112,1427561669,173589,0,171842,52673333,2596,0
2018-06-02,586904954,1321453760,144860,0,131178,47592840,1712,0
2018-06-03,536541642,1313361905,141091,0,163293,50055744,1724,0
2018-06-04,535508119,1508282648,211126,0,152202,55401943,1288,0
2018-06-05,547521085,1502000836,262284,0,166221,53743729,3650,0
2018-06-06,544773727,1462307625,260023,0,146491,51134621,754,0
2018-06-07,550996962,1474171764,255188,0,150561,53183181,861,0
2018-06-08,558937380,1474141151,211737,0,256266,56214988,800,0
2018-06-09,544635045,1318307353,165051,0,339992,46635210,819,0
2018-06-10,571443036,1278392311,160694,0,191953,46431241,3089,0
2018-06-11,693886161,1448402309,272826,0,347555,55657668,5555,0
2018-06-12,758231695,1836226016,249487,0,175638,56781460,5263,0
2018-06-13,831303456,1521084114,282313,0,152219,58895975,5240,0
2018-06-14,752744677,1502615434,218699,0,142954,58058828,5565,0
2018-06-15,785669639,1460480114,173996,0,160222,59797859,6036,0
2018-06-16,639893752,1303803580,145383,0,145432,54260927,4363,0
2018-06-17,701614236,1268660088,129678,0,138654,51159609,4457,0
2018-06-18,706806750,1391228429,122101,0,128184,52035530,4797,0
2018-06-19,837867691,1426050413,132929,0,152024,60173401,5878,0
2018-06-20,727563787,1407010338,1470503,0,152785,57174533,29286,0
2018-06-21,624569592,1400143900,3223941,0,186831,58553622,63702,0
2018-06-22,593950276,1430631234,3178104,0,153372,60898562,62964,0
2018-06-23,567031730,1260666672,3066555,0,178501,53445012,57206,0
2018-06-24,533049431,1230010314,3017302,0,177407,53978858,58197,0
2018-06-25,579086842,1381217520,3061414,0,265641,58976812,58252,0
2018-06-26,585862482,1420493035,3098997,0,289518,59087351,57595,0
2018-06-27,579001468,1416373096,3062783,0,306215,59000978,55512,0
2018-06-28,549914729,1422106233,3156190,0,335179,60974625,58037,0
2018-06-29,590106615,1394740558,3286176,0,315775,54021759,54040,0
2018-06-30,564918692,1241940237,3130031,0,300223,48225185,49955,0
2018-07-01,540908991,1245124215,3095966,0,302562,52244481,55802,0
2018-07-02,594901601,1388808340,3194764,0,356627,59468992,60771,0
2018-07-03,603232455,1422203397,3230111,0,379216,61731055,63683,0
2018-07-04,603028094,1360683287,3255855,0,402380,58535220,64190,0
2018-07-05,652264539,1461361653,3215789,0,297999,50770533,56120,0
2018-07-06,564764393,1383363349,3172415,0,334923,60823015,69905,0
2018-07-07,510894290,1242892331,3092470,0,310586,55284835,60144,0
2018-07-08,496817314,1215799624,3059948,0,307377,54527112,59761,0
2018-07-09,572974616,1389233619,3426604,0,297277,58762219,62778,0
2018-07-10,591245911,1430888218,3369363,0,282448,60542792,62658,0
2018-07-11,586578128,1404361084,1914277,0,286724,62451659,37859,0
2018-07-12,560715205,1394203593,164759,0,289390,61172613,12058,0
2018-07-13,556138130,1381754136,143585,0,451203,59343793,12782,0
2018-07-14,308592303,810595513,75577,0,210794,36611138,7876,0
2018-07-15,388573624,1085368464,86656,0,235784,45858258,9049,0
2018-07-16,534478434,1481748839,148310,0,326654,63141131,12787,0
2018-07-17,482633394,1374862065,125308,0,297456,57400590,12407,0
2018-07-18,516157285,1497794680,143499,0,291742,60154675,12270,0
2018-07-19,530452586,1500411049,155909,0,309809,60214733,12892,0
2018-07-20,538086879,1520980656,134705,0,319542,60852348,10366,0
2018-07-21,511581009,1395999494,114601,0,320683,56382508,8854,0
2018-07-22,501202082,1354781667,108600,0,325013,55621185,10209,0
2018-07-23,583671833,1538674286,156268,0,391423,59157545,12629,0
2018-07-24,647105640,1534947963,152438,0,383543,62386071,12410,0
2018-07-25,620557747,1556497303,146753,0,362376,61905523,11877,0
2018-07-26,604300029,1537989873,139154,0,357164,64231428,13193,0
2018-07-27,587660109,1503698551,128262,0,324270,64490271,12615,0
2018-07-28,551681490,1531509778,110850,0,293305,57231745,9251,0
2018-07-29,527542412,2052728651,118599,0,276131,58118013,8815,0
2018-07-30,317298683,1347893545,89866,0,139509,35953642,5495,0
2018-07-31,598749858,2445418104,149588,0,336968,64520215,10959,0
2018-08-01,626526523,2542539708,157254,0,348872,65391051,11051,0
2018-08-02,611353558,1716029728,140991,0,340272,65338742,9635,0
2018-08-03,592434334,1504211744,147117,0,328446,60949714,8467,0
2018-08-04,557435651,1403261590,119362,0,288396,57287873,7040,0
2018-08-05,530424698,1419648714,108991,0,299928,55996582,7248,0
2018-08-06,592053140,1523123676,149699,0,307434,61547414,8404,0
2018-08-07,609197729,1543342495,156920,0,310618,63249974,9699,0
2018-08-08,651024291,1881532885,174869,0,286348,61931133,8429,0
2018-08-09,651825866,1626220059,216994,0,298610,62987990,8321,0
2018-08-10,637626520,1591399038,208053,0,315826,62431836,8336,0
2018-08-11,588674645,1443956423,122481,0,328826,57787132,7758,0
2018-08-12,584631883,1421945473,118580,0,305271,57446011,8931,0
2018-08-13,641594154,1515689086,151792,0,354056,61584733,9445,0
2018-08-14,552541427,1300699124,134675,0,295858,52355305,8239,0
2018-08-15,584698457,1312998825,155421,0,277948,51247511,7400,0
2018-08-16,711959242,1582093349,190353,0,327793,62992921,10392,0
2018-08-17,705402408,1519870113,164994,0,270713,63491556,10259,0
2018-08-18,625888910,1418214622,126870,0,242973,56300344,1454,0
2018-08-19,574597531,1386147251,114522,0,247568,55792806,1063,0
2018-08-20,637862717,1565314557,161258,0,301659,60917825,1870,0
2018-08-21,638613341,1525405372,174326,0,277785,61288679,1841,0
2018-08-22,646150716,1571782047,180513,0,292824,58661011,1479,0
2018-08-23,652271700,1584140152,358842,0,294759,57398286,1817,0
2018-08-24,668179179,1545889457,159454,0,290274,56556096,1445,0
2018-08-25,614533642,1399506406,106365,0,237245,52305598,896,0
2018-08-26,607290144,1384136303,100463,0,250398,50513303,875,0
2018-08-27,672941638,1578166994,160067,0,272494,59944425,5134,0
2018-08-28,682891882,1588752228,153118,0,261871,61067611,4935,0
2018-08-29,692600805,1618420507,153344,0,313749,59752355,1581,0
2018-08-30,681277747,1640033773,157824,0,345601,59523492,1899,0
2018-08-31,627496628,1628830900,158871,0,265818,56891980,2021,0
2018-09-01,585503244,1492052009,107797,0,230620,51173564,1092,0
2018-09-02,570402401,1446141910,108474,0,220227,52110597,1532,0
2018-09-03,635758131,1598733248,161865,0,231272,55977330,11606,0
2018-09-04,641543050,1627489558,163512,0,234712,53946430,5871,0
2018-09-05,656899183,1625062716,161349,0,267925,54912223,2083,0
2018-09-06,622960720,1555150786,148798,0,241053,52658001,2044,0
2018-09-07,661480846,1645699936,154997,0,238699,55569875,3899,0
2018-09-08,625600600,1496511701,132501,0,249696,53309066,6519,0
2018-09-09,624312965,1483336992,138669,0,227886,51515251,7792,0
2018-09-10,697433342,1620664592,203365,0,236383,55697549,7447,0
2018-09-11,707638402,1655868152,186946,0,228168,56410364,8447,0
2018-09-12,710567016,1702170633,201704,0,245224,56946916,7749,0
2018-09-13,708234061,1695521841,198603,0,274972,56745736,5902,0
2018-09-14,673580075,1676344075,228859,0,258615,56133499,2245,0
2018-09-15,591500457,1527630527,454872,0,203173,50657084,2256,0
2018-09-16,563619000,1526768581,627977,0,201508,49138394,3149,0
2018-09-17,634505632,1652529183,600623,0,246139,53980931,2702,0
2018-09-18,671770013,1683881598,473465,0,335147,55525432,2218,0
2018-09-19,646385063,1680816072,2206113,0,294564,55485814,27752,0
2018-09-20,662602462,1682010020,4252296,0,296617,54060087,62385,0
2018-09-21,626293006,2342116987,4024417,0,265042,50181382,57206,0
2018-09-22,602052705,2493722157,4217473,0,291786,49961608,58987,0
2018-09-23,569876346,2264394516,4398154,0,283921,48284507,53321,0
2018-09-24,636860391,1665995958,4596973,0,281830,53544289,65892,0
2018-09-25,705656117,1696747599,4488775,0,285333,55856828,67054,0
2018-09-26,725432688,1712536015,4630266,0,293693,57656174,67730,0
2018-09-27,715432995,1708040979,4667195,0,289422,55380474,64951,0
2018-09-28,722882239,1695759833,4366809,0,299111,54982169,63804,0
2018-09-29,707995463,1636464728,4285730,0,289131,55068234,61153,0
2018-09-30,665930849,1588876766,4222366,0,277870,54882424,62278,0
2018-10-01,735051872,1687262715,4503694,0,311808,55971990,67697,0
2018-10-02,734597090,1695684045,4520822,0,322652,57509477,65761,0
2018-10-03,725055682,1725519221,4442952,0,303300,57129310,66035,0
2018-10-04,704076133,1700678213,4324991,0,304875,56284954,68755,0
2018-10-05,684110394,1692142574,4544904,0,300528,54978630,60557,0
2018-10-06,660851216,1592588679,4316421,0,281670,52038795,56297,0
2018-10-07,650540162,1530969950,4027031,0,260341,50097979,55472,0
2018-10-08,699963485,1656255278,4112458,0,278741,56066228,63573,0
2018-10-09,704300491,1664988575,4072821,0,303273,56522084,69359,0
2018-10-10,695540395,1656413831,4237484,0,281344,56767965,62146,0
2018-10-11,688604118,1646401296,3133659,0,251513,57144193,40865,0
2018-10-12,647427943,1638732291,783395,0,264804,56095860,2638,0
2018-10-13,619393293,1538724257,309229,0,270769,53419286,2153,0
2018-10-14,611328200,1519729391,185024,0,286677,51125552,1675,0
2018-10-15,694016808,1673949252,1031830,0,283935,55828293,29569,0
2018-10-16,697157267,1692823975,467397,0,269194,53534245,2407,0
2018-10-17,692908969,1673460388,430538,0,201018,49564343,2032,0
2018-10-18,705172210,1666788306,375774,0,210632,50803926,2035,0
2018-10-19,679066444,1651823049,397509,0,224722,50460629,1620,0
2018-10-20,683935747,1550168050,359069,0,240963,48300049,1528,0
2018-10-21,599504661,1549775268,281079,0,321347,52138071,1594,0
2018-10-22,693825235,1710131516,461643,0,289831,57800714,1772,0
2018-10-23,719119497,1730950233,571246,0,280093,51496160,2190,0
2018-10-24,713037674,1714276669,624877,0,309777,55296891,2995,0
2018-10-25,743819874,1675811105,392322,0,335817,57300853,2212,0
2018-10-26,733367968,1643611336,336179,0,339650,55794537,2522,0
2018-10-27,618951851,1523471071,190408,0,316446,52770579,1624,0
2018-10-28,578055686,1507232592,169054,0,243626,53323233,1396,0
2018-10-29,653197017,1695148095,293707,0,341562,58988263,2137,0
2018-10-30,657543612,1741953442,325158,0,358923,62435211,1942,0
2018-10-31,646046922,1671518098,1362964,0,360352,64209566,2217,0
2018-11-01,198620253,506526067,113986,0,147883,21503095,309,0
2018-11-02,292859575,799113841,76164,0,149169,28093684,769,0
2018-11-03,549222123,1522296293,147645,0,427786,59663667,1033,0
2018-11-04,558001021,1503774813,132652,0,466838,56641435,996,0
2018-11-05,583180738,1616259445,228691,0,381693,64178721,1326,0
2018-11-06,632019713,1681250360,251345,0,384603,63306471,1312,0
2018-11-07,666583930,1667803202,446623,0,379510,64971052,1873,0
2018-11-08,658334347,1609205406,290620,0,357133,62978505,1163,0
2018-11-09,647502143,1622894416,210058,0,432418,63443843,2317,0
2018-11-10,620212756,1562599139,139775,0,465831,60338250,1226,0
2018-11-11,604717040,1561176968,119546,0,438804,60187639,1299,0
2018-11-12,660569206,1690855733,274332,0,388855,63735929,2788,0
2018-11-13,614253486,1600545482,246639,0,325286,55200947,1601,0
2018-11-14,575334001,1525940697,1918499,0,302836,51687128,1980,0
2018-11-15,568934120,1672649868,2617729,0,319981,55758336,2669,0
2018-11-16,581707641,1643255076,249835,0,323366,54286512,1528,0
2018-11-17,540387995,1582740467,3425731,0,439209,55016000,998,0
2018-11-18,533128151,1559299570,120797,0,416495,54280365,1246,0
2018-11-19,617854823,1697648545,3372325,0,338396,58309301,1211,0
2018-11-20,613423701,2009242921,2177390,0,302916,54188600,1490,0
2018-11-21,637394433,1759971201,4021986,0,424360,57728462,1395,0
2018-11-22,627793172,1759568612,16290178,0,408995,57101439,1079,0
2018-11-23,618747708,1718888207,3435047,0,427315,57447780,940,0
2018-11-24,578970841,1552890226,137604,0,460732,47294668,921,0
2018-11-25,574156038,1601085342,125156,0,483217,50524150,1168,0
2018-11-26,634350611,1796474462,2375327,0,414247,57973311,1754,0
2018-11-27,635431030,1842121407,14093043,0,352440,56127382,1444,0
2018-11-28,644338232,1839245718,17041794,0,361103,59062342,1586,0
2018-11-29,629325156,1859141377,11439730,0,350147,57440134,1857,0
2018-11-30,608679104,1751078715,13471714,0,464063,57583474,1879,0
2018-12-01,555606843,1640596306,13784264,0,523991,55044924,1635,0
2018-12-02,555509644,1604100444,9495023,0,478931,54102785,3386,0
2018-12-03,665931921,1726388485,1353748,0,426414,58937124,4463,0
2018-12-04,681297676,1760990417,227625,0,442662,58708997,5622,0
2018-12-05,678415261,1795081487,335204,0,403238,58314590,5519,0
2018-12-06,672798274,1842037370,196179,0,423253,55553429,7048,0
2018-12-07,696132050,1851621525,1419125,0,443672,52833339,7761,0
2018-12-08,623718804,1716232104,162827,0,470506,47374627,6303,0
2018-12-09,620655786,1698345210,146169,0,460177,47914304,7314,0
2018-12-10,714213999,1833530275,223573,0,389563,56333745,8904,0
2018-12-11,745882178,1909637506,235083,0,369442,56588541,9259,0
2018-12-12,717357510,1854905585,312941,0,360909,55718105,9585,0
2018-12-13,667075395,1878304395,284394,0,388297,55071504,9046,0
2018-12-14,672095520,1813919865,245465,0,412660,54372838,8360,0
2018-12-15,675338931,1712469954,178491,0,403541,51706933,8230,0
2018-12-16,651273158,1680433262,137549,0,340978,50786527,7843,0
2018-12-17,663994987,1820610179,265708,0,351691,53170672,8264,0
2018-12-18,695650372,1814428918,225791,0,354790,53199540,8469,0
2018-12-19,741993955,1836798370,303072,0,347443,54708136,8327,0
2018-12-20,700452174,1817001702,6541955,0,418497,54810861,55582,0
2018-12-21,685304002,1802646438,15478646,0,357187,54056667,115576,0
2018-12-22,626235558,1713168659,15130682,0,450640,50347051,113530,0
2018-12-23,579416471,1641505558,15609836,0,516223,49453618,114262,0
2018-12-24,649087642,1696567404,16012443,0,320330,49729628,122178,0
2018-12-25,663418860,1648615476,15975923,0,427719,50176168,139101,0
2018-12-26,0,0,0,0,0,0,0,0
2018-12-27,0,0,0,0,0,0,0,0
2018-12-28,0,0,0,0,0,0,0,0
2018-12-29,0,0,0,0,0,0,0,0
2018-12-30,0,0,0,0,0,0,0,0
2018-12-31,0,0,0,0,0,0,0,0
2019-01-01,0,0,0,0,0,0,0,0
2019-01-02,0,0,0,0,0,0,0,0
2019-01-03,0,0,0,0,0,0,0,0
2019-01-04,0,0,0,0,0,0,0,0
2019-01-05,0,0,0,0,0,0,0,0
2019-01-06,0,0,0,0,0,0,0,0
2019-01-07,0,0,0,0,0,0,0,0
2019-01-08,0,0,0,0,0,0,0,0
2019-01-09,0,0,0,0,0,0,0,0
2019-01-10,0,0,0,0,0,0,0,0
2019-01-11,0,0,0,0,0,0,0,0
2019-01-12,0,0,0,0,0,0,0,0
2019-01-13,0,0,0,0,0,0,0,0
2019-01-14,0,0,0,0,0,0,0,0
2019-01-15,0,0,0,0,0,0,0,0
2019-01-16,0,0,0,0,0,0,0,0
2019-01-17,0,0,0,0,0,0,0,0
2019-01-18,0,0,0,0,0,0,0,0
2019-01-19,0,0,0,0,0,0,0,0
2019-01-20,0,0,0,0,0,0,0,0
2019-01-21,0,0,0,0,0,0,0,0
2019-01-22,0,0,0,0,0,0,0,0
2019-01-23,0,0,0,0,0,0,0,0
2019-01-24,0,0,0,0,0,0,0,0
2019-01-25,0,0,0,0,0,0,0,0
2019-01-26,0,0,0,0,0,0,0,0
2019-01-27,0,0,0,0,0,0,0,0
2019-01-28,0,0,0,0,0,0,0,0
2019-01-29,0,0,0,0,0,0,0,0
2019-01-30,0,0,0,0,0,0,0,0
2019-01-31,0,0,0,0,0,0,0,0
2019-02-01,0,0,0,0,0,0,0,0
2019-02-02,0,0,0,0,0,0,0,0
2019-02-03,0,0,0,0,0,0,0,0
2019-02-04,0,0,0,0,0,0,0,0
2019-02-05,0,0,0,0,0,0,0,0
2019-02-06,0,0,0,0,0,0,0,0
2019-02-07,0,0,0,0,0,0,0,0
2019-02-08,0,0,0,0,0,0,0,0
2019-02-09,0,0,0,0,0,0,0,0
2019-02-10,0,0,0,0,0,0,0,0
2019-02-11,0,0,0,0,0,0,0,0
2019-02-12,0,0,0,0,0,0,0,0
2019-02-13,0,0,0,0,0,0,0,0
2019-02-14,0,0,0,0,0,0,0,0
2019-02-15,0,0,0,0,0,0,0,0
2019-02-16,0,0,0,0,0,0,0,0
2019-02-17,0,0,0,0,0,0,0,0
2019-02-18,0,0,0,0,0,0,0,0
2019-02-19,0,0,0,0,0,0,0,0
2019-02-20,0,0,0,0,0,0,0,0
2019-02-21,0,0,0,0,0,0,0,0
2019-02-22,0,0,0,0,0,0,0,0
2019-02-23,0,0,0,0,0,0,0,0
2019-02-24,0,0,0,0,0,0,0,0
2019-02-25,0,0,0,0,0,0,0,0
2019-02-26,0,0,0,0,0,0,0,0
2019-02-27,0,0,0,0,0,0,0,0
2019-02-28,0,0,0,0,0,0,0,0
2019-03-01,0,0,0,0,0,0,0,0
2019-03-02,0,0,0,0,0,0,0,0
2019-03-03,0,0,0,0,0,0,0,0
2019-03-04,0,0,0,0,0,0,0,0
2019-03-05,0,0,0,0,0,0,0,0
2019-03-06,0,0,0,0,0,0,0,0
2019-03-07,0,0,0,0,0,0,0,0
2019-03-08,0,0,0,0,0,0,0,0
2019-03-09,0,0,0,0,0,0,0,0
2019-03-10,0,0,0,0,0,0,0,0
2019-03-11,0,0,0,0,0,0,0,0
2019-03-12,0,0,0,0,0,0,0,0
2019-03-13,0,0,0,0,0,0,0,0
2019-03-14,0,0,0,0,0,0,0,0
2019-03-15,0,0,0,0,0,0,0,0
2019-03-16,0,0,0,0,0,0,0,0
2019-03-17,0,0,0,0,0,0,0,0
2019-03-18,0,0,0,0,0,0,0,0
2019-03-19,0,0,0,0,0,0,0,0
2019-03-20,0,0,0,0,0,0,0,0
